station,week,observed,median,lower,upper
Sox-35th-Dan Ryan,0,0.0047981733861233,0.0047981734,0.0047981734,0.0047981734
Sox-35th-Dan Ryan,1,-0.0146753157842143,0.06727800049999999,-0.33917014925,0.456133567
Sox-35th-Dan Ryan,2,0.0460207069749571,0.026242231499999998,-0.3987879055,0.51187256575
Sox-35th-Dan Ryan,3,0.003020846119603,0.043284605000000004,-0.4183914725,0.51112629875
Sox-35th-Dan Ryan,4,-0.0632925653082923,0.00415222345,-0.4554713175,0.46873495600000004
Sox-35th-Dan Ryan,5,0.0131944880795318,0.020455724,-0.48169178274999996,0.537608921
Sox-35th-Dan Ryan,6,0.1515498981272012,0.0061731154,-0.477287464,0.5254003165000001
Sox-35th-Dan Ryan,7,-0.0126155800578695,0.016233025499999998,-0.46852828725,0.537120358
Sox-35th-Dan Ryan,8,0.0740948297359107,0.0116362415,-0.540768167,0.47013725100000003
Sox-35th-Dan Ryan,9,-0.0589388745139896,-0.005758269,-0.4978078135,0.5054806865
Sox-35th-Dan Ryan,10,0.0780612102974629,0.012553601,-0.526463577,0.5446002912500002
Sox-35th-Dan Ryan,11,0.0116648548130458,0.015417458500000002,-0.49034728424999996,0.5026533980000002
Sox-35th-Dan Ryan,12,0.1251923788732583,0.019177968,-0.434747883,0.5133510800000001
Sox-35th-Dan Ryan,13,0.2943111260481688,-0.00594026365,-0.50905884775,0.5002298540000002
Sox-35th-Dan Ryan,14,-0.1399307651633679,0.00651929765,-0.49511819675,0.5002811340000003
Sox-35th-Dan Ryan,15,0.302972319994236,0.03145804,-0.47883550874999997,0.4995826627500001
Sox-35th-Dan Ryan,16,-0.4005272822512147,-0.0141683215,-0.49444703525,0.5390945447500001
Sox-35th-Dan Ryan,17,0.4684833470097258,0.0104687535,-0.48712093025,0.5014610807500003
Sox-35th-Dan Ryan,18,-0.3868378112227244,0.015029381,-0.50235220075,0.5077958722500001
Sox-35th-Dan Ryan,19,0.5586152694014892,-0.0022802213,-0.464370399,0.48633479375000005
Sox-35th-Dan Ryan,20,0.0828165104541485,0.00219598675,-0.48220855425000003,0.5012090027500002
Sox-35th-Dan Ryan,21,-0.1013328366775079,0.017212586000000002,-0.46589314449999997,0.515981103
Sox-35th-Dan Ryan,22,-0.0126125781059194,0.0080260416,-0.50066135075,0.49261101425
Sox-35th-Dan Ryan,23,-0.00015021781611501694,0.0248734105,-0.4735104355,0.5063919585000001
Sox-35th-Dan Ryan,24,0.095835843466788,0.00670770625,-0.50451326825,0.4883375695
Sox-35th-Dan Ryan,25,-0.6151856390902335,0.013499978499999999,-0.46269692025000003,0.5067464127500001
Sox-35th-Dan Ryan,26,0.6525619004448666,0.0022279325,-0.505896983,0.5148698777500001
Sox-35th-Dan Ryan,27,0.1301974388047657,0.0073321678,-0.48918763275,0.522647764
Sox-35th-Dan Ryan,28,-0.0758188365573513,0.00273471855,-0.49762472625,0.46732483775
Sox-35th-Dan Ryan,29,0.1232200065614064,-0.00658769795,-0.5219325535,0.5046082017500001
Sox-35th-Dan Ryan,30,-0.3307635813113201,0.00899822395,-0.48690812824999996,0.50706040875
Sox-35th-Dan Ryan,31,0.4260437345421248,0.00278593485,-0.5082071597500001,0.4978504892500001
Sox-35th-Dan Ryan,32,-0.1398570324730981,-0.00616677045,-0.51635867875,0.506152289
Sox-35th-Dan Ryan,33,0.0002877449448677183,-0.011321146,-0.49843047075,0.5003704457500003
Sox-35th-Dan Ryan,34,0.0235987410399793,0.009931518149999999,-0.47451093725,0.4929868147500001
Sox-35th-Dan Ryan,35,0.178248231406318,0.00209363735,-0.516646457,0.5191207232500002
Sox-35th-Dan Ryan,36,-0.6242859833111192,0.007249879650000001,-0.46211724024999995,0.49329244325000005
Sox-35th-Dan Ryan,37,0.6136968704683214,0.011397695999999999,-0.47326979175,0.5112702705000001
Sox-35th-Dan Ryan,38,-0.4752067628573568,-0.028903382499999998,-0.4981493925,0.44083634925000004
Sox-35th-Dan Ryan,39,0.4940379379053086,0.0133237405,-0.46030946749999996,0.4889094257500002
Sox-35th-Dan Ryan,40,-0.6425863621838976,-0.023817990999999997,-0.50879628125,0.4309107655
Sox-35th-Dan Ryan,41,-0.0620055962050321,0.0085783263,-0.5010260809999999,0.5288426455000003
Sox-35th-Dan Ryan,42,0.040855959411882,-0.0070589877500000005,-0.477400539,0.46202120275
Sox-35th-Dan Ryan,43,-0.0518607189865649,-0.045067011,-0.5462848975,0.45541794275
Sox-35th-Dan Ryan,44,0.0337648130196095,-0.0241349755,-0.55434709875,0.4773236195
Sox-35th-Dan Ryan,45,-0.3277306974754372,-0.038927267,-0.5222811142499999,0.47428365725
Sox-35th-Dan Ryan,46,0.3002420556850644,-0.029239921500000002,-0.5526934402499999,0.4656888467500001
Sox-35th-Dan Ryan,47,-0.0618814545267278,-0.0732803765,-0.583364196,0.45507966250000015
Sox-35th-Dan Ryan,48,-0.0676899115683893,-0.0395457545,-0.5375471405,0.4559071642500001
Sox-35th-Dan Ryan,49,-0.4407183057020631,-0.058571436500000004,-0.5610632234999999,0.45901153450000015
Sox-35th-Dan Ryan,50,-0.0524941987421048,-0.059790344,-0.5590224615,0.4302292907500002
Sox-35th-Dan Ryan,51,0.0658188462501065,0.10734879,-0.38988071350000003,0.598397062
Sox-35th-Dan Ryan,52,0.1373708028523381,0.008582164350000001,-0.50565660425,0.517904514
Sox-35th-Dan Ryan,53,0.0306755094430846,0.059176859,-0.43741984624999997,0.5917190265000001
Sox-35th-Dan Ryan,54,0.0884206399222442,0.0243705125,-0.473557921,0.55201378725
Sox-35th-Dan Ryan,55,0.0352193361975423,0.047026891,-0.43909311275,0.55721267525
Sox-35th-Dan Ryan,56,0.1238754814092004,0.0100971625,-0.51137776225,0.49368734500000006
Sox-35th-Dan Ryan,57,-0.0471753952323537,0.031431806,-0.43751107175,0.5017513222500001
Sox-35th-Dan Ryan,58,-0.0062005021251474,0.015785341,-0.503815448,0.500001899
Sox-35th-Dan Ryan,59,0.1207222222125192,0.035737579,-0.47846084650000004,0.5294520745000001
Sox-35th-Dan Ryan,60,-0.0413708384517566,-0.0059070011,-0.48765869925,0.47476524300000017
Sox-35th-Dan Ryan,61,-0.0302431516866361,0.0067346031,-0.49611152075,0.5087946602500001
Sox-35th-Dan Ryan,62,0.0635167799057736,0.018317346499999998,-0.461214502,0.49796683525000013
Sox-35th-Dan Ryan,63,0.0002058036640315564,0.008705364699999999,-0.509028606,0.49956299000000004
Sox-35th-Dan Ryan,64,0.0506551651138451,0.015787738,-0.510943637,0.5134530137500002
Sox-35th-Dan Ryan,65,0.5918970545601097,0.017274578,-0.481597658,0.5223259082500001
Sox-35th-Dan Ryan,66,-0.5169231484705206,0.001024804305,-0.5116773539999999,0.4810155700000001
Sox-35th-Dan Ryan,67,0.4114363553810092,-0.0049931707499999995,-0.4852809385,0.49702082400000014
Sox-35th-Dan Ryan,68,-0.2076439906279548,0.0268477425,-0.48248916275000003,0.48788803650000045
Sox-35th-Dan Ryan,69,0.5669374288679823,0.010040852,-0.489500757,0.5035233880000003
Sox-35th-Dan Ryan,70,-0.6369035261460674,0.0059505804,-0.47813962174999997,0.5266996877500001
Sox-35th-Dan Ryan,71,0.3865542881455086,0.0018461649,-0.48678543625,0.5113567587500001
Sox-35th-Dan Ryan,72,-0.2323128950853954,0.009791014050000001,-0.47105278725,0.5190838310000001
Sox-35th-Dan Ryan,73,0.4674321238394636,0.00264847105,-0.50806379825,0.48973792875000005
Sox-35th-Dan Ryan,74,-0.6567308182841955,0.015806746,-0.5038217405000001,0.540362718
Sox-35th-Dan Ryan,75,0.5827408897542874,0.0066191614,-0.47393506025,0.4964594697500002
Sox-35th-Dan Ryan,76,-0.5535748561052465,0.000894747075,-0.51681847525,0.48254649125000026
Sox-35th-Dan Ryan,77,0.5957748312307203,0.0364823465,-0.45907716175,0.54598735875
Sox-35th-Dan Ryan,78,-0.5767145840014329,0.017784821,-0.5024274765,0.5162095107500001
Sox-35th-Dan Ryan,79,0.291259683962477,0.02014115,-0.48278852424999996,0.5214391052500001
Sox-35th-Dan Ryan,80,0.0167202734159515,0.012892517,-0.491841037,0.5019328480000002
Sox-35th-Dan Ryan,81,-0.0201216372394421,0.019213453999999998,-0.485488977,0.5124288475000001
Sox-35th-Dan Ryan,82,-0.0383211589943064,-0.0051630098,-0.54264140925,0.5070119992500001
Sox-35th-Dan Ryan,83,0.243983301602416,0.0242763585,-0.47283192075,0.5086648617500001
Sox-35th-Dan Ryan,84,-0.2530581078857334,-0.0190076005,-0.51134317975,0.4710371597500001
Sox-35th-Dan Ryan,85,0.2650377149271605,0.014578653,-0.48896809175,0.48789083275000006
Sox-35th-Dan Ryan,86,-0.3835216429020365,0.00885219035,-0.47709240324999996,0.5251128092500001
Sox-35th-Dan Ryan,87,-0.0145987994211527,0.0059802347,-0.48158682625,0.4887300625000001
Sox-35th-Dan Ryan,88,0.3559429000960348,0.0090846911,-0.48397971524999994,0.5198878017500003
Sox-35th-Dan Ryan,89,-0.4433893434401454,0.0150947315,-0.5282071975,0.5171505240000003
Sox-35th-Dan Ryan,90,0.0854038294978005,-0.0131260225,-0.53144707125,0.48625108100000003
Sox-35th-Dan Ryan,91,-0.1999189040488502,0.00167709265,-0.48010112675,0.52421703625
Sox-35th-Dan Ryan,92,-0.0732273844204112,-0.0032443599000000004,-0.5338385335,0.5038791517500001
Sox-35th-Dan Ryan,93,-0.0080934438720197,-0.00480960715,-0.48209304425,0.516800968
Sox-35th-Dan Ryan,94,-0.0182868702289349,-0.019067471,-0.52202341975,0.47115008300000016
Sox-35th-Dan Ryan,95,-0.0194031637133855,-0.0283352645,-0.5132524285,0.45103875475000044
Sox-35th-Dan Ryan,96,-0.0278328434870802,-0.031426079499999995,-0.5336887914999999,0.4330087070000001
Sox-35th-Dan Ryan,97,-0.3141248277295245,-0.0260695385,-0.5618519635,0.48989551425000005
Sox-35th-Dan Ryan,98,0.2608717425646292,-0.017775464999999997,-0.5211737572499999,0.46720552075000005
Sox-35th-Dan Ryan,99,0.0151367783858917,-0.0670374665,-0.55225741025,0.4135695532500001
Sox-35th-Dan Ryan,100,-0.0797664645778573,-0.040348882,-0.538371112,0.44456171424999996
Sox-35th-Dan Ryan,101,-0.2988150293213332,-0.048688536500000004,-0.5591847085,0.4742690910000001
Sox-35th-Dan Ryan,102,-0.1711885999244016,-0.049873719,-0.5420769317499999,0.44107614825
Sox-35th-Dan Ryan,103,0.2435444436596423,0.10638523999999999,-0.43183608549999997,0.58662305825
Sox-35th-Dan Ryan,104,0.2341717370899774,-0.00035212162500000005,-0.48046583175,0.5196199525
Sox-35th-Dan Ryan,105,-0.0160506279802641,0.0658872125,-0.447063954,0.5656031772500001
Sox-35th-Dan Ryan,106,0.0365494722710897,0.036510151000000005,-0.45903309799999986,0.518454346
Sox-35th-Dan Ryan,107,-0.0368889732079784,0.040642741999999996,-0.4513419695,0.5242350025000001
Sox-35th-Dan Ryan,108,0.0529048982818922,0.0109557235,-0.49411758525,0.49666893375000043
Sox-35th-Dan Ryan,109,0.0120579810203329,0.0069161609,-0.4766090515,0.50702474625
Sox-35th-Dan Ryan,110,-0.0403668937385086,0.0247285865,-0.49645626775,0.5093777012500001
Sox-35th-Dan Ryan,111,0.0806966160732338,0.0056092507,-0.4561226185,0.5309853985
Sox-35th-Dan Ryan,112,0.0187713655881021,0.0198689475,-0.47504101575,0.5046080962500001
Sox-35th-Dan Ryan,113,-0.095720181860079,0.0009718274999999999,-0.4911820805,0.49017902150000003
Sox-35th-Dan Ryan,114,0.0560514579470456,0.024792362,-0.49622805975,0.5074208747500001
Sox-35th-Dan Ryan,115,0.0533716490793585,0.011926151,-0.4964252055,0.53640069875
Sox-35th-Dan Ryan,116,0.4007861974667044,0.0230374435,-0.47579121750000003,0.5334740057500001
Sox-35th-Dan Ryan,117,0.1442979162373125,0.0053596291,-0.49674483925,0.48850305750000006
Sox-35th-Dan Ryan,118,-0.2787072761879896,0.0160257585,-0.43808154675,0.5136090220000001
Sox-35th-Dan Ryan,119,0.1189660656092286,0.020997414,-0.49487196325,0.5207686342500002
Sox-35th-Dan Ryan,120,-0.0256842491990916,-0.0033795168,-0.5176325727500001,0.5278917785000001
Sox-35th-Dan Ryan,121,-0.0643871113052778,0.0186278495,-0.551432147,0.50478792475
Sox-35th-Dan Ryan,122,0.3767970490209711,0.0061145202,-0.47149274799999996,0.4968297282500001
Sox-35th-Dan Ryan,123,-0.4126672923050236,0.0139636185,-0.43810302175000004,0.5047202877500002
Sox-35th-Dan Ryan,124,0.5149713211456959,0.012408745499999999,-0.497412424,0.48352870925000024
Sox-35th-Dan Ryan,125,-0.1874629562943726,0.0070066359000000005,-0.48800811025,0.50291560925
Sox-35th-Dan Ryan,126,-0.4720676134665869,0.0217802665,-0.50436321975,0.49183146550000006
Sox-35th-Dan Ryan,127,0.7293232667831697,0.0015903291000000002,-0.5369889665,0.50255237325
Sox-35th-Dan Ryan,128,-0.5231686506128401,0.012531408,-0.49386798525,0.50220560775
Sox-35th-Dan Ryan,129,0.484395560487064,0.020384793,-0.48672987875,0.52846703575
Sox-35th-Dan Ryan,130,-0.522752431663978,0.0093707771,-0.516323789,0.5279300105
Sox-35th-Dan Ryan,131,-0.1677977449934156,0.0097777883,-0.49414187075,0.5239263027500004
Sox-35th-Dan Ryan,132,0.637838542742565,0.0049268548999999995,-0.48052302474999997,0.5402339862500001
Sox-35th-Dan Ryan,133,-0.4004831140472396,0.0109142455,-0.5439957822499999,0.5222183702500001
Sox-35th-Dan Ryan,134,0.5303957199600875,0.0027624261,-0.4954801685,0.5227613020000003
Sox-35th-Dan Ryan,135,-0.5938761597299873,0.0041332960500000005,-0.503184206,0.5226144860000003
Sox-35th-Dan Ryan,136,0.3947184403624257,-0.010226619999999999,-0.49853923949999995,0.4899294055
Sox-35th-Dan Ryan,137,-0.129301015661313,-0.0061275123,-0.5125913685,0.5223459165000003
Sox-35th-Dan Ryan,138,0.0220799107233009,0.011927091,-0.50107963425,0.5439004280000002
Sox-35th-Dan Ryan,139,0.1005768941584772,0.010748303,-0.5121559795,0.5034877485000001
Sox-35th-Dan Ryan,140,-0.3761754479935382,0.0015871622,-0.476874708,0.5230961172500002
Sox-35th-Dan Ryan,141,0.3405630733478118,0.017549262,-0.482207815,0.500371274
Sox-35th-Dan Ryan,142,-0.2869724781887566,-0.023824936499999998,-0.5121812265,0.48610340150000014
Sox-35th-Dan Ryan,143,-0.0896445986622245,0.0195165625,-0.4798866875,0.5133014792500002
Sox-35th-Dan Ryan,144,-0.0319953462844644,-0.036759817,-0.48389133475,0.4565367760000001
Sox-35th-Dan Ryan,145,-0.0098174752787052,0.0027003784,-0.44875624625,0.48519831800000013
Sox-35th-Dan Ryan,146,-0.0305324410305871,-0.0120282455,-0.5320809934999999,0.4746454835
Sox-35th-Dan Ryan,147,0.005679989305138,-0.044497886,-0.52570232325,0.4726323980000003
Sox-35th-Dan Ryan,148,0.0366219088849257,-0.0377436165,-0.5021401522500001,0.44249640050000005
Sox-35th-Dan Ryan,149,-0.3414142253476431,-0.0254738325,-0.5108104662499999,0.46763724050000016
Sox-35th-Dan Ryan,150,0.22445962959147,-0.0359903025,-0.539341166,0.5048361695
Sox-35th-Dan Ryan,151,0.0699218567688753,-0.06605309000000001,-0.5604489085,0.426338791
Sox-35th-Dan Ryan,152,-0.099463999789255,-0.0417072375,-0.5460077075,0.4838869967500001
Sox-35th-Dan Ryan,153,-0.0984307304676699,-0.069543598,-0.56940109075,0.45862242075
Sox-35th-Dan Ryan,154,-0.3045989820381773,-0.0544487895,-0.5663044515,0.46988481075000016
Sox-35th-Dan Ryan,155,0.1639098536060768,-0.061676289499999995,-0.5512610259999999,0.4306621317500003
Sox-35th-Dan Ryan,156,0.1443694429258455,0.09995818100000001,-0.38088549725,0.5975170200000001
Sox-35th-Dan Ryan,157,-0.213337735027526,0.00359080335,-0.4704441505,0.47371964125000005
Sox-35th-Dan Ryan,158,0.3243909126441755,0.0619163885,-0.43777795425,0.5675111020000001
Sox-35th-Dan Ryan,159,0.0333772027672436,0.016329662,-0.4511624355,0.5100690867500002
Sox-35th-Dan Ryan,160,-0.0082837646876718,0.0065491036999999995,-0.5154108577500001,0.5431886247500002
Sox-35th-Dan Ryan,161,-0.0251822914271802,0.03604348,-0.4657503065,0.5171758952500001
Sox-35th-Dan Ryan,162,0.0302814771012318,0.0061794547,-0.46736646425,0.5035875277499999
Sox-35th-Dan Ryan,163,-0.0054458361671665,0.0185394885,-0.47014013299999996,0.5016758135000001
Sox-35th-Dan Ryan,164,-0.0299133766670927,0.0016241239,-0.5104924224999999,0.49103055675000024
Sox-35th-Dan Ryan,165,0.0482924580737442,0.010291749,-0.522289951,0.5053514665000001
Sox-35th-Dan Ryan,166,0.0190498006135655,0.028661499,-0.4889437605,0.48995690724999996
Sox-35th-Dan Ryan,167,0.4272407059746799,0.010165583999999998,-0.50438963925,0.5043583430000002
Sox-35th-Dan Ryan,168,-0.1548498694314615,-0.00596805645,-0.49031128925,0.5108438440000002
Sox-35th-Dan Ryan,169,0.0822364249482658,0.032279177,-0.481577233,0.511450575
Sox-35th-Dan Ryan,170,-0.0337702935665182,0.00954826215,-0.49571123249999993,0.5070431885000001
Sox-35th-Dan Ryan,171,-0.0663008355604226,0.017441472,-0.488904925,0.5366157225000002
Sox-35th-Dan Ryan,172,0.090774757163242,-0.0014382148,-0.48860783599999996,0.5124192782500004
Sox-35th-Dan Ryan,173,0.0171134692896188,0.016486054,-0.48020310675,0.473728065
Sox-35th-Dan Ryan,174,-0.0395903555226899,0.00892251965,-0.49214985725,0.51285033075
Sox-35th-Dan Ryan,175,0.1736591131834899,0.009180433,-0.47179177725,0.49068007200000013
Sox-35th-Dan Ryan,176,-0.1921470860033194,0.00469636375,-0.489325263,0.5127857460000002
Sox-35th-Dan Ryan,177,0.1997409057180732,0.0146458925,-0.46110095124999995,0.47855223025
Sox-35th-Dan Ryan,178,-0.3047046258366954,-8.894889499999999e-05,-0.4758665745,0.5044910430000001
Sox-35th-Dan Ryan,179,0.2361907600439439,0.022554662,-0.476550893,0.47057340300000017
Sox-35th-Dan Ryan,180,0.3638701681396332,0.007495311100000001,-0.47297145374999994,0.49962188
Sox-35th-Dan Ryan,181,-0.6453960555606235,0.011113605,-0.47144169399999997,0.556311892
Sox-35th-Dan Ryan,182,0.3965024561493857,0.0096527717,-0.4875689835,0.5379698730000001
Sox-35th-Dan Ryan,183,-0.4222387709515329,0.0090020161,-0.51180572075,0.48479801125
Sox-35th-Dan Ryan,184,0.2328342719521119,0.00863289605,-0.48537146024999994,0.49654541075000014
Sox-35th-Dan Ryan,185,0.0859732323614466,0.0104702595,-0.503310916,0.5214381472500003
Sox-35th-Dan Ryan,186,0.0858494635750366,-0.0045490036000000005,-0.53512565775,0.5209969925000003
Sox-35th-Dan Ryan,187,0.0711040879822322,0.00661447465,-0.4917493745,0.5092566585000001
Sox-35th-Dan Ryan,188,-0.16693378141587,-0.000855544165,-0.50089959775,0.5090986927500001
Sox-35th-Dan Ryan,189,0.2433013913611867,0.00449965265,-0.524052781,0.5025165635000001
Sox-35th-Dan Ryan,190,-0.4323322039253767,0.010810744,-0.4690090825,0.49838534050000033
Sox-35th-Dan Ryan,191,0.3449979114675976,0.0025473443,-0.471637449,0.5392836847500003
Sox-35th-Dan Ryan,192,-0.3459755879345891,0.011187027,-0.49454138999999997,0.5111580295000002
Sox-35th-Dan Ryan,193,0.2196028921367832,0.0132388035,-0.47667147499999996,0.52652330175
Sox-35th-Dan Ryan,194,-0.3892628530679234,0.013887782,-0.4983392335,0.4896924377500001
Sox-35th-Dan Ryan,195,0.0285635778849338,-0.0248014685,-0.52041021925,0.46144542950000006
Sox-35th-Dan Ryan,196,0.0637074707971123,0.0048149494,-0.493712297,0.5041129505
Sox-35th-Dan Ryan,197,-0.0833479125526786,-0.0149239325,-0.5346200345000001,0.5071419145
Sox-35th-Dan Ryan,198,-0.0295327649024672,0.00543356875,-0.48942644049999995,0.4746942995000001
Sox-35th-Dan Ryan,199,-0.0217685907182101,-0.0549155375,-0.548798966,0.4467067932500001
Sox-35th-Dan Ryan,200,0.0032193186757911,-0.00718606805,-0.53427236975,0.4875318045000001
Sox-35th-Dan Ryan,201,0.0022473723240166,-0.050070331499999995,-0.5505842787499999,0.4058835272500001
Sox-35th-Dan Ryan,202,-0.356457354711976,-0.02733797,-0.5234569960000001,0.5066606545000001
Sox-35th-Dan Ryan,203,0.2014511284859823,-0.0651590675,-0.5496732915,0.4227654160000002
Sox-35th-Dan Ryan,204,-0.0363191040160222,-0.0330176675,-0.5281001605,0.44978309425
Sox-35th-Dan Ryan,205,-0.0341660403853971,-0.059508292000000004,-0.54168437375,0.41360407725
Sox-35th-Dan Ryan,206,-0.4128251252007651,-0.0559514205,-0.52978457375,0.45528838925000004
Sox-35th-Dan Ryan,207,0.316630576557019,-0.0370815045,-0.551347298,0.45555885625
Clark/Lake,0,0.0063009275622167,0.0063009276,0.0063009276,0.0063009276
Clark/Lake,1,-0.0770407072737722,0.0519656835,-0.19761877225,0.31078792775
Clark/Lake,2,0.0967607243885755,0.044381912499999995,-0.203581287,0.3104548535000001
Clark/Lake,3,0.0357049065035219,0.057277507500000005,-0.21775851524999998,0.31393036750000003
Clark/Lake,4,-0.0375090113302212,0.0107054635,-0.2404861545,0.26838973575
Clark/Lake,5,-0.0103612195600364,0.0234921905,-0.2239772545,0.28595655375
Clark/Lake,6,0.1523679931514001,0.016848725000000002,-0.231448154,0.27736546225
Clark/Lake,7,0.045929368324681,0.028866041000000002,-0.24795717099999998,0.30098512525000004
Clark/Lake,8,0.1015312593694197,0.0023948599,-0.26266450575,0.25519151600000006
Clark/Lake,9,-0.0061020585974267,0.0121123655,-0.25673004499999996,0.2730857710000001
Clark/Lake,10,0.028879042140403,0.0077280309,-0.25343977925,0.2634267555000001
Clark/Lake,11,0.0247973554266618,0.008637907600000001,-0.2659414015,0.2874183807500001
Clark/Lake,12,-0.011180542619229,0.012791694499999999,-0.24935261775,0.28098697975000003
Clark/Lake,13,0.0281165601366133,0.01762499,-0.24997536499999998,0.2749441225
Clark/Lake,14,0.0012138806082182,0.016777728999999998,-0.2476376055,0.2846297755
Clark/Lake,15,0.0552519026754696,0.022232335,-0.2475477105,0.28342967100000005
Clark/Lake,16,0.0562818291351447,0.0042950331,-0.26536819925,0.2700547815
Clark/Lake,17,0.0628977154763781,0.0109498075,-0.24312967625,0.27376330750000005
Clark/Lake,18,0.1036844707305775,0.0007798879249999999,-0.24519255625,0.26585958725000003
Clark/Lake,19,0.0222758025964466,0.00864870555,-0.257047031,0.25590950825000003
Clark/Lake,20,0.0761954723021052,0.00927460965,-0.234549078,0.2774300752500001
Clark/Lake,21,0.1329611768774548,0.015175348500000001,-0.24517464049999999,0.29317129450000007
Clark/Lake,22,0.0669458657857635,0.000644321625,-0.27284006575,0.28109605350000005
Clark/Lake,23,-0.0139966771616908,0.008540522200000001,-0.266694014,0.28301699000000013
Clark/Lake,24,0.0280924008722287,0.01207629,-0.2665981625,0.27438657225
Clark/Lake,25,-0.0018133431894096,0.016587035,-0.26454162875,0.2970368525
Clark/Lake,26,0.133941144730235,0.016368465,-0.2510678725,0.28510864250000006
Clark/Lake,27,0.0292186800528515,0.0072906633,-0.26414477825,0.2665645447500001
Clark/Lake,28,0.0650062214667261,0.0289613715,-0.2426389275,0.30641258800000004
Clark/Lake,29,-0.019268690872245,-0.0107551815,-0.27758919675,0.254635592
Clark/Lake,30,-0.0347079160977372,0.0089375605,-0.26259962475,0.28379134300000003
Clark/Lake,31,-0.0401970873396102,-0.00864097585,-0.251163175,0.25103371125000007
Clark/Lake,32,0.0022505252197415,0.0089922127,-0.25710835725,0.2686590367500001
Clark/Lake,33,0.0327931189974517,-0.006256131450000001,-0.253913268,0.25397418475
Clark/Lake,34,-0.0443809723553609,0.015504104500000001,-0.26465078000000003,0.28128287875
Clark/Lake,35,0.1130194428792474,0.0039663564,-0.25825538825,0.27454600800000006
Clark/Lake,36,-0.0144606602238006,0.0080875571,-0.2553464525,0.2818478055000001
Clark/Lake,37,-0.0273716540764112,-0.00196624815,-0.2463381995,0.2743682585000001
Clark/Lake,38,0.0038433869073966,-0.015334094,-0.27385015749999997,0.2436299215
Clark/Lake,39,0.0695904711992252,-0.005679717,-0.28098539425,0.24444913225
Clark/Lake,40,-0.0616860468125839,-0.0103055685,-0.27141216125,0.24782074850000005
Clark/Lake,41,-0.0596647106608063,-0.016120356,-0.27875066400000004,0.2515272355
Clark/Lake,42,0.0448073766674355,-0.01129784,-0.25671445425,0.26886006675
Clark/Lake,43,-0.0402980417726261,-0.03930188749999999,-0.33401017400000005,0.22465532675000008
Clark/Lake,44,0.0652608943218275,-0.034527932,-0.2888148965,0.2241187752500001
Clark/Lake,45,-0.3399491226292355,-0.0320402925,-0.30504188875,0.23557159275000003
Clark/Lake,46,0.3201394311656926,-0.0388588215,-0.30050886624999995,0.21840413050000004
Clark/Lake,47,-0.0143452270692101,-0.07746729150000001,-0.35042180949999996,0.19501464325000004
Clark/Lake,48,-0.0103107583547892,-0.059198627,-0.34292579575000004,0.19912000925000012
Clark/Lake,49,-0.4994677066466231,-0.072748341,-0.342777693,0.19417765800000003
Clark/Lake,50,-0.1596761738056269,-0.06534791100000001,-0.3346484905,0.197572126
Clark/Lake,51,0.0496215032054117,0.080255618,-0.18616395075,0.35463282925000006
Clark/Lake,52,0.0960427172561626,0.0421999605,-0.23084212475,0.32471014975
Clark/Lake,53,0.0253064947723622,0.0479006405,-0.21523492549999998,0.30264158925000006
Clark/Lake,54,0.0672023319599688,0.04853912,-0.216520718,0.3130049500000001
Clark/Lake,55,0.0367091378676072,0.0521445775,-0.209479213,0.30246651750000003
Clark/Lake,56,0.1266888680755169,0.02199993,-0.25454516525,0.27788344975
Clark/Lake,57,0.02500562752871,0.0247912325,-0.25014930724999995,0.3068517942500001
Clark/Lake,58,0.0199902095923718,0.023338013999999997,-0.23762681375,0.28524225975
Clark/Lake,59,0.1305238600964049,0.0249276205,-0.23757300375,0.2763189775000001
Clark/Lake,60,0.1478817150794036,-0.0054091372499999995,-0.261117057,0.27287486825
Clark/Lake,61,-0.017508614250973,0.009381845100000001,-0.25282719325,0.29234818075
Clark/Lake,62,-0.0735235333606549,0.0160917795,-0.25947735125,0.25987789200000005
Clark/Lake,63,-0.0206871385326081,-0.00033008246,-0.265468708,0.26501744600000005
Clark/Lake,64,0.0615475064645369,0.030919683,-0.22808086625000001,0.30208841775000006
Clark/Lake,65,-0.0226232366379743,0.00811338965,-0.266157515,0.2832067855000001
Clark/Lake,66,0.0378954823916313,0.009173000399999999,-0.25363835074999996,0.28618427175000005
Clark/Lake,67,0.0180006042994183,0.0227130105,-0.252572446,0.27543859150000005
Clark/Lake,68,-0.003522536108381,0.0082539785,-0.248362735,0.272634313
Clark/Lake,69,0.0782096992522891,0.013061401,-0.26599257275,0.27741314125000005
Clark/Lake,70,-0.0149482235468756,0.00421294415,-0.27523436025000003,0.292528406
Clark/Lake,71,0.000971173872297726,0.00555965015,-0.25229281574999995,0.25712310725000004
Clark/Lake,72,-0.0410950418542928,0.020252711,-0.24980468375,0.26960537725000006
Clark/Lake,73,0.1136085939814446,0.011448094499999999,-0.24226102400000002,0.26943824025
Clark/Lake,74,0.0087434930168068,0.011824122999999999,-0.26048659875,0.2671330215
Clark/Lake,75,-0.0353790222765972,0.0073016871,-0.24673462000000002,0.2869351302500001
Clark/Lake,76,0.0483124146416074,0.0231120905,-0.23609038324999998,0.26971153925000013
Clark/Lake,77,-0.161816435615707,0.0211231385,-0.25953175775000004,0.28292864050000005
Clark/Lake,78,0.1741088099811172,0.0149451105,-0.243631692,0.27338606825
Clark/Lake,79,-0.0053693005739354,0.0254221425,-0.23265433825,0.287440248
Clark/Lake,80,0.025669184899451,0.0144344095,-0.26488828225,0.2681474027500001
Clark/Lake,81,-0.0544948707597257,0.024264866,-0.24856639275,0.27118053475000004
Clark/Lake,82,-0.0209879126488221,-0.008797853599999999,-0.2837475395,0.26746879850000005
Clark/Lake,83,0.0129724570645421,0.0017274636499999998,-0.277494628,0.2542574905
Clark/Lake,84,0.0185089883722042,-0.00396676585,-0.27357439149999996,0.264092729
Clark/Lake,85,-0.030308473914383,-0.0049469516,-0.26762506125,0.24690521825
Clark/Lake,86,-0.0419172490363966,0.00643223055,-0.2511766975,0.266420403
Clark/Lake,87,0.1424282605469429,0.01009964395,-0.26397036575,0.2804197547500001
Clark/Lake,88,-0.0251134618172894,0.00308009755,-0.247590957,0.2768347835
Clark/Lake,89,-0.0188719971986923,0.018152403,-0.2823947505,0.28548785275000005
Clark/Lake,90,0.0307596687910045,-0.014822063,-0.29019237975,0.24984382425000012
Clark/Lake,91,0.0932204389345248,-0.0049264243,-0.2678518315,0.27756446675
Clark/Lake,92,-0.1458201022322036,-0.0129872875,-0.2915476635,0.24772826275000007
Clark/Lake,93,-0.002530698709604,-0.010188968,-0.26137406375,0.2454674312500001
Clark/Lake,94,-0.0610377334270726,-0.016843416,-0.27948107925,0.25486372150000003
Clark/Lake,95,0.0091158334080105,-0.0433096385,-0.296874614,0.21047810900000016
Clark/Lake,96,-0.0053092544059332,-0.027464795,-0.3051467625,0.21486143425000004
Clark/Lake,97,-0.3633791821816228,-0.050265268,-0.30479854300000003,0.21987300150000003
Clark/Lake,98,0.3300969692096558,-0.037822220000000004,-0.311408734,0.22796305425000005
Clark/Lake,99,0.0311979164193001,-0.078039738,-0.34521513675,0.20274848450000008
Clark/Lake,100,0.0121011461091455,-0.067448064,-0.3316069135,0.19928889450000004
Clark/Lake,101,-0.4186746333533637,-0.062129552500000004,-0.3477227395,0.20019778525
Clark/Lake,102,-0.2463111152956347,-0.06369707599999999,-0.31574019150000004,0.20398546475000007
Clark/Lake,103,0.3367083362563541,0.0889234425,-0.17761192925,0.33339835825000014
Clark/Lake,104,0.1987695848346273,0.041316414999999995,-0.2277195345,0.30840852325
Clark/Lake,105,-0.0800165025661598,0.053520393,-0.212044936,0.3173580290000001
Clark/Lake,106,0.0477151912679705,0.042622321000000005,-0.23987202225,0.30719890175000003
Clark/Lake,107,-0.0645751646577519,0.043218893,-0.20681661850000002,0.31835604925000005
Clark/Lake,108,0.0607453248096234,0.014308023999999999,-0.262915472,0.27031000675000005
Clark/Lake,109,-5.016051365380747e-05,0.026189575,-0.24206013875,0.2750632167500001
Clark/Lake,110,-0.00032610468249139046,0.0264869595,-0.23998652225,0.2889660407500001
Clark/Lake,111,0.0290778534328541,0.0213847275,-0.23458785324999998,0.290804401
Clark/Lake,112,0.2070177357244951,0.00401468725,-0.26071933075,0.25430860825000007
Clark/Lake,113,-0.1215123417951975,0.0124557845,-0.27589731474999996,0.2827229240000001
Clark/Lake,114,-0.0319847238194217,-0.00164146655,-0.2613597935,0.26132501199999997
Clark/Lake,115,0.0311341933057285,0.0025518174500000004,-0.27626559024999997,0.25163300600000005
Clark/Lake,116,-0.0239069654935057,0.0224793645,-0.257515988,0.301707408
Clark/Lake,117,0.0959479495493873,0.0160797645,-0.2342939375,0.26577358750000013
Clark/Lake,118,-0.0455253671184685,0.00943666805,-0.24238367524999999,0.28855163224999997
Clark/Lake,119,0.0154280304777376,0.00665628385,-0.26758637725,0.28562042925000003
Clark/Lake,120,0.0313466861004787,0.0181963105,-0.24571911649999997,0.2828992255000001
Clark/Lake,121,0.0033862070518608,0.009252897199999999,-0.26029109775,0.2840255675
Clark/Lake,122,0.0268865300257434,0.0146252705,-0.23727383225,0.28708995249999997
Clark/Lake,123,0.0247260961730777,0.0101472045,-0.2668843145,0.27665696600000006
Clark/Lake,124,-0.0561023448194042,0.0033593738,-0.268567506,0.28429223825000005
Clark/Lake,125,0.1494015225856184,0.00543861765,-0.23662173499999997,0.25286834950000003
Clark/Lake,126,-0.0168080305915463,0.021940309999999998,-0.24458957,0.27564767175000005
Clark/Lake,127,-0.0430801435928778,0.0119369675,-0.29412133625,0.25717706650000005
Clark/Lake,128,0.0532819057271556,0.00642709825,-0.256850947,0.2742133755000001
Clark/Lake,129,-0.3019303506017312,0.0183015045,-0.24400052825,0.2857027935
Clark/Lake,130,0.2737790817918224,0.018346661,-0.2520681935,0.2841959640000001
Clark/Lake,131,0.0500516493087399,0.012935136,-0.23401023975,0.30264997225
Clark/Lake,132,-0.0582399312309274,0.010553742000000001,-0.25498813249999996,0.2792522347500002
Clark/Lake,133,0.0394951229309068,0.019459282,-0.25220710975,0.2758826095
Clark/Lake,134,-0.0107516239874971,-0.010418021999999999,-0.265273928,0.28053551475000005
Clark/Lake,135,-0.0611001584252175,0.012894907,-0.25916030700000003,0.25957397275
Clark/Lake,136,-0.0411089806678877,-0.0024279275500000003,-0.26230695075,0.23978667500000003
Clark/Lake,137,0.0361638996629025,0.0033937073,-0.27376274425,0.2609193437500002
Clark/Lake,138,-0.0672184180114072,0.018148023,-0.2558034915,0.276998299
Clark/Lake,139,0.1356629170035805,0.0124725485,-0.26959821025,0.278318858
Clark/Lake,140,-0.011833809275016,0.0144767575,-0.24768396175,0.27913769075
Clark/Lake,141,-0.0269607288866886,0.016320472500000002,-0.25484437025,0.26400975625
Clark/Lake,142,0.0537503108166816,-0.020411917,-0.276326715,0.2590628640000004
Clark/Lake,143,0.0618768345113327,-0.015272472,-0.26229667149999997,0.23279407500000002
Clark/Lake,144,-0.0703363165074346,-0.0029554638500000003,-0.26875203649999996,0.242774281
Clark/Lake,145,-0.0389134121553098,-0.0030245174999999997,-0.24867387549999997,0.26953442900000013
Clark/Lake,146,-0.0588166333896786,-0.014392321,-0.27985034200000003,0.24935929450000005
Clark/Lake,147,0.0397904363940906,-0.0441596695,-0.31671474824999996,0.22765986850000003
Clark/Lake,148,0.0719103192581283,-0.030967295,-0.3048347175,0.240657943
Clark/Lake,149,-0.4833468532795173,-0.037882878999999994,-0.31356302425,0.22332614900000003
Clark/Lake,150,0.3231542183221219,-0.0321637685,-0.30264423124999995,0.24220547850000004
Clark/Lake,151,0.0753359682306147,-0.08222069000000001,-0.34381395525,0.16631056449999998
Clark/Lake,152,-0.0353326803667286,-0.062014333000000005,-0.340160075,0.22702395500000014
Clark/Lake,153,-0.1610510414892978,-0.0675280395,-0.33722376600000004,0.209353423
Clark/Lake,154,-0.4888180317849837,-0.064149408,-0.32251077675,0.19206878624999998
Clark/Lake,155,0.2911432290175337,-0.0657234595,-0.3143822395,0.20861554500000004
Clark/Lake,156,0.1395859015332288,0.092710724,-0.17094610374999997,0.3379677435000001
Clark/Lake,157,-0.2652277149413464,0.0334019355,-0.22969776925,0.2993658145000001
Clark/Lake,158,0.3674066689515474,0.05573494,-0.20160668075,0.30835078
Clark/Lake,159,0.0050377940299579,0.044156623000000006,-0.2320113515,0.3031135422500002
Clark/Lake,160,0.0091335032716859,0.0221747665,-0.2475622865,0.273774095
Clark/Lake,161,-0.0268779485707586,0.019707704,-0.2426733635,0.30552952675000006
Clark/Lake,162,-0.0202996451990546,0.0172315225,-0.24893813075000001,0.2730416107500002
Clark/Lake,163,0.0768971702312892,0.032439899,-0.25277419925,0.2887824607500001
Clark/Lake,164,-0.0080161618240452,0.0090879442,-0.26043231875,0.2648013465
Clark/Lake,165,0.3466008779443914,0.012594227999999999,-0.25869678150000003,0.28084311550000013
Clark/Lake,166,-0.2555354743507951,0.00139319375,-0.263115852,0.26574009625000006
Clark/Lake,167,-0.0849283528768261,0.004109903450000001,-0.26013421625,0.26389445600000017
Clark/Lake,168,-0.0121587995061638,0.00611001095,-0.25972603299999997,0.2633623755000002
Clark/Lake,169,0.0653096260706558,0.022480735,-0.23764843125,0.2908928167500001
Clark/Lake,170,0.0285352586605487,0.014383825499999999,-0.261122633,0.28840612225000006
Clark/Lake,171,-0.020531295643229,0.0183876725,-0.24899564475,0.27524280375
Clark/Lake,172,0.0433405805694739,0.0199113895,-0.23862050299999998,0.28194391225000004
Clark/Lake,173,0.0206995653626282,0.0083317216,-0.26665994000000004,0.27851746325000004
Clark/Lake,174,0.0178280756740463,0.0153724315,-0.23848924049999998,0.28013355925000016
Clark/Lake,175,0.0336616743118334,0.010504959500000001,-0.24766029875,0.28606877825000027
Clark/Lake,176,-0.1296822831120447,0.015586236,-0.26355795,0.29654269775000014
Clark/Lake,177,0.1464806443995883,0.00595572225,-0.26473003625,0.26113134875000016
Clark/Lake,178,0.0370743119058545,0.00462649605,-0.23684842174999998,0.274195909
Clark/Lake,179,-0.122465736427717,0.0051787298,-0.240255739,0.26334124175000007
Clark/Lake,180,0.0839115936300096,0.010064693,-0.257223064,0.27217359025
Clark/Lake,181,-0.2055197293953874,0.014297483,-0.25347553074999996,0.253388027
Clark/Lake,182,0.2012462568246142,0.0126399945,-0.248818437,0.2851125347500001
Clark/Lake,183,0.024707035014881,0.0041898264,-0.2581692585,0.2712520480000001
Clark/Lake,184,0.0303716208300279,0.011595692500000001,-0.24905324075,0.26601182525
Clark/Lake,185,-0.023212371668718,0.017951818,-0.23388873275,0.29559843525
Clark/Lake,186,0.0126080715338865,-0.0056816552,-0.27107944525,0.26726404025
Clark/Lake,187,-0.0159984062514624,0.0071952331,-0.25762934325,0.24941603100000004
Clark/Lake,188,-0.1883201109563863,0.0005988471249999999,-0.23858783549999998,0.2478721295
Clark/Lake,189,0.2408361201403455,0.004454631299999999,-0.27307074724999997,0.28298610075
Clark/Lake,190,-0.0567570382728899,0.0153449785,-0.26013976650000004,0.2797339615000001
Clark/Lake,191,0.0945053226230179,-0.00019180032000000002,-0.256430779,0.26709798475
Clark/Lake,192,0.0364670934210096,0.019686547999999998,-0.2570965115,0.3019108765000001
Clark/Lake,193,-0.0102553929528568,0.0157703545,-0.256365452,0.2785752357500001
Clark/Lake,194,0.0174406498184431,0.0064519964999999995,-0.27566445225,0.274074959
Clark/Lake,195,0.0782048588578803,-0.0175420165,-0.29996255325,0.258847702
Clark/Lake,196,0.0817111765505202,-0.00846089955,-0.276205467,0.2689339062500003
Clark/Lake,197,-0.137144995952573,-0.006726653149999999,-0.26403887424999994,0.26043809350000013
Clark/Lake,198,-0.064563338173972,-0.011989711,-0.28286487475,0.24707126100000001
Clark/Lake,199,-0.0233811317883994,-0.043137472499999996,-0.3076488235,0.2233031375
Clark/Lake,200,0.0226343472963446,-0.035053879999999996,-0.31462861925,0.21740414700000002
Clark/Lake,201,0.0716628372460235,-0.033058169,-0.30915143949999996,0.23834811000000006
Clark/Lake,202,-0.4881801657885258,-0.033351003000000004,-0.30580023224999997,0.24767301125000005
Clark/Lake,203,0.3401950609828681,-0.07579129949999999,-0.34328068175,0.21600234100000015
Clark/Lake,204,0.0101728193454011,-0.056937721499999996,-0.336796747,0.20826944975000003
Clark/Lake,205,-0.0132483967218721,-0.074784801,-0.35277324,0.19914296325
Clark/Lake,206,-0.6347428868473806,-0.056280065000000004,-0.33390716025,0.22030482750000002
Clark/Lake,207,0.1585422637575178,-0.0691964605,-0.322287972,0.21934047125
Loyola,0,0.0696685471883329,0.069668547,0.069668547,0.069668547
Loyola,1,0.0538432320208235,0.0483344135,-0.244636517,0.324196976
Loyola,2,0.0722928764696648,0.053817765000000004,-0.23479646324999998,0.35359798275000004
Loyola,3,0.1224954490894196,0.0528384095,-0.24511856425,0.34445170550000004
Loyola,4,-0.0402536948728187,0.0175150555,-0.27827029275,0.3059664245000001
Loyola,5,0.0058688609381789,0.019672882,-0.26907688275,0.30134131450000007
Loyola,6,0.1031318541603649,0.031945075,-0.2729885555,0.31805580725000004
Loyola,7,-0.0211046794175366,0.0327797675,-0.25975329649999995,0.31719234750000014
Loyola,8,0.0848899048509359,0.00122872515,-0.27412072974999996,0.2672430295
Loyola,9,-0.0307178330080484,0.02007237,-0.28203729175000003,0.28920705175
Loyola,10,0.0070796755880611,0.0017251750999999998,-0.285904638,0.30304360750000015
Loyola,11,-0.0009925559127514916,0.010570965500000001,-0.299392571,0.31484898775000003
Loyola,12,-0.0059761134033413,0.0215951025,-0.2633044895,0.31387837
Loyola,13,0.0433363134869679,0.014372827,-0.2862374265,0.31375674250000013
Loyola,14,-0.0485669747923198,0.018681156,-0.28970138375,0.3161961525000001
Loyola,15,0.0636524446886488,0.0293887595,-0.26040751274999996,0.31697823675000003
Loyola,16,-0.0637640331505178,0.0059710369,-0.2979149995,0.31423478575
Loyola,17,0.0488911256952055,0.000421125255,-0.30138204525,0.29055938575000007
Loyola,18,0.0443778329333328,0.006725893,-0.272051251,0.31166251200000006
Loyola,19,-0.0207484846642911,-0.0053927582,-0.28664347825,0.2810201015
Loyola,20,0.0624605983119845,0.011519944,-0.299549195,0.299555776
Loyola,21,0.0424742948665501,0.011951562499999999,-0.27152980775,0.29662146525
Loyola,22,0.0549963632082342,0.0050733089,-0.2748226895,0.30645760075000006
Loyola,23,-0.0153300684917825,0.011323626,-0.2978607445,0.30626319425
Loyola,24,0.0043018528431373,0.012696969499999999,-0.2698995475,0.31685970250000006
Loyola,25,0.0743442934623814,0.0217809565,-0.2818692195,0.32479724725000003
Loyola,26,0.0025703757777577,0.016977305999999998,-0.28506003425000004,0.299877593
Loyola,27,0.0200851117979388,0.0245315325,-0.277720603,0.33517444525000006
Loyola,28,0.181969791877524,0.0071268161,-0.289618644,0.30993774150000003
Loyola,29,-0.1098058045752283,0.00523337055,-0.29367102475,0.28284814850000006
Loyola,30,-0.0519174533337833,-0.0050102275000000005,-0.2958795165,0.28486805075
Loyola,31,0.0061846058214882,-0.00582476955,-0.31821585475,0.30364162300000014
Loyola,32,0.2584469076608782,-0.012314543,-0.28612722825,0.27406668275000007
Loyola,33,0.3527421810769748,0.0013313113,-0.27673909675,0.306702794
Loyola,34,-0.0330129183602885,0.00864054475,-0.28560268825,0.30456156149999997
Loyola,35,-0.0290149225040146,0.013470615,-0.29591311625,0.3105229962500001
Loyola,36,0.0342772779384237,0.019271456,-0.2947307415,0.29306099475000014
Loyola,37,-0.0315424204974625,0.00461302435,-0.291446994,0.32088335225000003
Loyola,38,-0.0660417670646555,-0.013723510500000001,-0.30035054225,0.28009771400000016
Loyola,39,-0.0144979764265604,-0.008324039299999999,-0.288348499,0.2645996655
Loyola,40,0.0598901100377569,0.0071892541,-0.28297872125,0.29108872775000005
Loyola,41,-0.0410253144448562,-0.018174228,-0.3270936935,0.27018124675000005
Loyola,42,-0.0072398946008283,-0.018742279,-0.28641261599999995,0.2936733222500001
Loyola,43,-0.0357429093468688,-0.0486048475,-0.36165838424999996,0.264734339
Loyola,44,-0.0190831853580606,-0.045383898500000006,-0.33775129,0.25472861775000005
Loyola,45,-0.4313219825692327,-0.054303396500000004,-0.31495607574999995,0.24485737200000002
Loyola,46,0.3703624602537569,-0.035146986500000005,-0.33188517575,0.23507105275
Loyola,47,-0.0414176055012118,-0.069754376,-0.36919521125000004,0.22003710600000007
Loyola,48,-0.1323336852352179,-0.074567874,-0.353224893,0.21825953675000004
Loyola,49,-0.660527582844308,-0.0702190335,-0.3669741715,0.23686637725000007
Loyola,50,-0.0643199657875586,-0.076944058,-0.34514256050000003,0.2289891420000001
Loyola,51,0.028764657968586,0.07833079800000001,-0.21136736174999998,0.36199532250000016
Loyola,52,0.1510659021490106,0.043715566,-0.243207609,0.3391348745000001
Loyola,53,0.2307318091946619,0.0603322005,-0.24619145225,0.36889942950000004
Loyola,54,0.0373801670630218,0.054481947,-0.255298531,0.3552520832500001
Loyola,55,0.2791823988022646,0.0509684355,-0.252128754,0.32439404425
Loyola,56,0.0758844475473399,0.0248781905,-0.27094139525,0.30168644650000004
Loyola,57,0.002707338536612,0.036282526499999995,-0.2585257235,0.3358471955000001
Loyola,58,-0.0219281723386117,0.026938253000000002,-0.25626547974999997,0.32563700250000005
Loyola,59,0.0246881188916603,0.0256778905,-0.27226975425,0.3013173660000001
Loyola,60,-0.2713983585131796,0.012761403000000001,-0.29858466699999997,0.3096036975000001
Loyola,61,0.3397679081540961,0.018956955999999997,-0.28599489075,0.30036086325000005
Loyola,62,-0.0887679205644058,0.011753718,-0.26551506275000003,0.30130669025000006
Loyola,63,0.0366820848620905,0.00029066899,-0.29895732425,0.2860395685
Loyola,64,-0.0058529830987312,0.0169369555,-0.28191500099999994,0.30610044200000003
Loyola,65,-0.1155249880923419,0.0153022205,-0.27685721474999997,0.31462098475
Loyola,66,0.0936449004852635,0.0200215985,-0.26357649575000003,0.31124820825000005
Loyola,67,-0.004555816535861,0.020429931,-0.25868380225,0.325789828
Loyola,68,-0.0640475204398995,0.00324785565,-0.28928672274999995,0.3139972195000001
Loyola,69,-0.0456858094263674,0.00895819705,-0.30030754525,0.3033820857500001
Loyola,70,-0.1195936832661361,0.0154227435,-0.29580953275,0.281911634
Loyola,71,0.0218890096508568,0.0177665625,-0.26780563425,0.30335932500000007
Loyola,72,0.0274151724549005,0.013632116,-0.2924032835,0.31454929775000007
Loyola,73,0.009286869328549,2.96549865e-05,-0.28765780575,0.28663161925000014
Loyola,74,0.0339376599282257,0.017594191500000002,-0.2984773855,0.31332326650000003
Loyola,75,-0.0046881099053663,0.0105258815,-0.27903019525,0.30607375875000004
Loyola,76,0.0629899458022755,0.017570726000000002,-0.3016129255,0.3282029935000001
Loyola,77,-0.1180629562924782,0.02426577,-0.264473341,0.31436232625
Loyola,78,0.0801453121163984,0.0162804375,-0.2658157255,0.2965914545000001
Loyola,79,-0.0259142887654704,0.0120828615,-0.27213248775,0.30782389125
Loyola,80,0.035241380925151,0.0219030125,-0.26692071349999996,0.31868912875000005
Loyola,81,-0.0246976949370942,0.0199916225,-0.26642710300000005,0.32686681625000014
Loyola,82,-0.0493320905223999,-0.016602931,-0.29887131699999997,0.2773931685
Loyola,83,0.0095861300531039,-0.0027150947,-0.29548937775,0.3056615885
Loyola,84,0.2895774996256204,0.00830970925,-0.27244726275,0.301745325
Loyola,85,0.1991053801598159,-0.011382385500000002,-0.30363159975,0.2937506137500003
Loyola,86,-0.0209222962325057,0.010658546,-0.2607516965,0.31272796275000003
Loyola,87,0.0348352578553683,0.013329404,-0.28463382825,0.29022256100000005
Loyola,88,0.0034046300892534,0.0011648673499999999,-0.29132741125,0.3119276537500001
Loyola,89,0.0038706639318402,0.016572249499999997,-0.29370739175,0.32106276375000004
Loyola,90,-0.0797533725635961,-0.0117283015,-0.3073389975,0.27944419975
Loyola,91,-0.0150143725636837,-0.011241485499999999,-0.30905294549999995,0.2850268335
Loyola,92,0.0085058366418042,0.00030554648,-0.3025631755,0.2910455255
Loyola,93,0.0224118674829423,-0.0041306607,-0.2945534865,0.29831831300000006
Loyola,94,-0.0418577873270145,-0.017145980499999998,-0.330179269,0.29791097050000004
Loyola,95,-0.0399639815411596,-0.045866442,-0.34359835925,0.25093592875000004
Loyola,96,-0.0157906008853201,-0.0450867605,-0.33085275875,0.2310904235
Loyola,97,-0.431092963799113,-0.0444185635,-0.3381992605,0.25261001025000007
Loyola,98,0.3647128936064288,-0.040786371,-0.33348819350000003,0.25562386825000005
Loyola,99,0.0270512044788873,-0.0837567825,-0.37166708325,0.22451806575000008
Loyola,100,-0.1422481843324599,-0.0696615495,-0.35833440299999997,0.2441981070000001
Loyola,101,-0.5626942921625098,-0.066802051,-0.33411233775,0.21937121375000007
Loyola,102,-0.117326788416145,-0.0795467225,-0.380392053,0.2303793145
Loyola,103,0.2454478883124196,0.07881331999999999,-0.23330673300000002,0.38151510625
Loyola,104,0.1965314706685328,0.0545816335,-0.24827917,0.32530399175
Loyola,105,0.3227412774203708,0.0450675255,-0.23242853724999998,0.3468650637500001
Loyola,106,0.0162777438793622,0.048382236999999995,-0.2482644565,0.33856759525
Loyola,107,-0.0364311323984383,0.0427783935,-0.2470237585,0.3378680487500001
Loyola,108,0.0360993106942544,0.0180250565,-0.27613001075,0.30414840650000013
Loyola,109,0.0630716567808935,0.020246643,-0.27128208725,0.3223441842500001
Loyola,110,-0.0533289073610507,0.0195724805,-0.27358598,0.3478157600000001
Loyola,111,-0.0339846643198074,0.0226761805,-0.29191837200000004,0.30613199399999996
Loyola,112,-0.1784528174520518,0.012478866,-0.2894885565,0.29472977825000013
Loyola,113,0.2533821681516635,-2.5115949999999944e-07,-0.29618601025,0.2969884330000001
Loyola,114,-0.0530132758114625,-0.000788762575,-0.28576062975,0.30649920325
Loyola,115,0.0156773199049551,0.00929137375,-0.28455458424999996,0.31229533575
Loyola,116,-0.0575694475312307,0.011476881500000001,-0.278324976,0.31040582050000004
Loyola,117,0.0787388307919352,0.0171447325,-0.28667254,0.31747482375
Loyola,118,0.0064449342902825,0.018532504499999998,-0.28179685625,0.3215657
Loyola,119,0.0199743828728031,0.0173852105,-0.280053478,0.27942800300000004
Loyola,120,-0.0944050470157389,0.0291899625,-0.259167487,0.32827389675
Loyola,121,-0.0681598035437387,-0.00300540375,-0.30945075175000003,0.28013502675
Loyola,122,-0.1294461200910603,0.012071565999999999,-0.29164896549999997,0.2879957342500001
Loyola,123,0.0946827616095298,0.0074441682,-0.283640766,0.32106005325000003
Loyola,124,-0.0100669853050625,0.019085870499999998,-0.2809924945,0.30571467900000004
Loyola,125,0.0044725651197383,0.011561864000000002,-0.27950380025,0.30323325875
Loyola,126,-0.0878346847618924,-0.00037057381,-0.2962787475,0.31214566425
Loyola,127,0.0779041165592913,0.000705215695,-0.27651714275,0.31618211700000004
Loyola,128,0.0679492519654489,0.00584438025,-0.28587698525,0.3144131587500002
Loyola,129,-0.1508075006961959,0.021183524000000002,-0.27736193075,0.32221108924999997
Loyola,130,0.1306330302269058,0.016840458500000002,-0.26168158125,0.3020694960000001
Loyola,131,0.0427769909913164,0.0162043645,-0.26617403500000003,0.30871133925000005
Loyola,132,-0.0424701201508446,0.023718553,-0.28399490650000003,0.30485881125
Loyola,133,0.0968375529641871,0.017229897,-0.258305636,0.31889859550000005
Loyola,134,-0.0404669636949774,0.000725422775,-0.31183437025,0.32694069975
Loyola,135,-0.070647275625892,-0.0009260798849999999,-0.29576496775,0.29797222975000004
Loyola,136,0.212970599977992,-0.008808949850000001,-0.30852818749999994,0.2948291685
Loyola,137,0.2783190276092488,0.00170651175,-0.29700660425000003,0.28251035
Loyola,138,-0.0394629636155414,0.02271262,-0.23592557475,0.31041436050000004
Loyola,139,0.0181769652740353,0.0143396255,-0.30258283075000003,0.31239227125
Loyola,140,0.0087539777370153,0.015392702000000001,-0.28021963474999995,0.31234353875000004
Loyola,141,0.0136358785092447,0.014155732,-0.271615335,0.31035375400000015
Loyola,142,-0.0355085218593025,-0.019291857000000003,-0.29527164074999995,0.27772990750000004
Loyola,143,-0.0594403141224475,-0.0073155205000000004,-0.32717620599999997,0.29597743950000005
Loyola,144,0.0625495123687756,-0.0048392165,-0.28497400975,0.2774139237500001
Loyola,145,-0.0236989222453942,-0.00460652645,-0.307394297,0.2877430352500002
Loyola,146,-0.0435888424836488,-0.018592408999999997,-0.2982026585,0.28721018925
Loyola,147,-0.0146068347792009,-0.047838776,-0.33560443799999995,0.260540603
Loyola,148,0.0004264028718878876,-0.045702030500000004,-0.35221975175,0.23973915475000004
Loyola,149,-0.4479190768790451,-0.045127975,-0.34122079725,0.2619925697500001
Loyola,150,0.3150756368920708,-0.038985123999999996,-0.33305207275,0.25939626350000006
Loyola,151,0.0664416216976686,-0.07666414199999999,-0.36109953625,0.19300633475000004
Loyola,152,-0.1404409883644604,-0.0636580975,-0.379642308,0.23535767500000004
Loyola,153,-0.3542661874721977,-0.0683850715,-0.39596298225000004,0.22649359750000006
Loyola,154,-0.3339649223114289,-0.058613053,-0.35683315875,0.23907828875
Loyola,155,0.2281393985075812,-0.0738378035,-0.3750265665,0.21482210850000008
Loyola,156,0.1351289530543411,0.06487387350000001,-0.22841739875,0.360789229
Loyola,157,0.1262765079263568,0.0581738475,-0.22960332174999998,0.32718310950000007
Loyola,158,0.2926419333455978,0.06649522299999999,-0.21659807574999998,0.33197785600000007
Loyola,159,0.0120494816499565,0.058391861,-0.24716785899999996,0.3373938365
Loyola,160,-0.0008491367620315771,0.010028431,-0.27635538174999996,0.31578656675000005
Loyola,161,0.0090204980929478,0.025261379,-0.2547344285,0.32860543075
Loyola,162,-0.0267327166023223,0.0334249295,-0.273810887,0.3152137520000001
Loyola,163,-0.0194020734314586,0.025516853,-0.25459707824999994,0.32798918600000004
Loyola,164,-0.2752698320056526,0.014160857999999998,-0.291180218,0.2892538787500001
Loyola,165,0.4281672691664555,0.010940381499999999,-0.27019685499999996,0.3219254087500001
Loyola,166,-0.1343123376075929,0.00574567885,-0.29286933325,0.30728276575
Loyola,167,-0.0912511212476658,0.0157266605,-0.27548775849999996,0.29710866550000004
Loyola,168,0.0552252989909032,0.017723911000000002,-0.29413430325,0.3118804620000002
Loyola,169,0.0194957190231797,0.017800631499999997,-0.255717848,0.32129478150000007
Loyola,170,-0.0034273437388518,0.0222613555,-0.27152607375,0.33429228825000007
Loyola,171,0.0078167382228953,0.0172904765,-0.263760386,0.31152655900000004
Loyola,172,-0.0556338118218029,0.0228482725,-0.25877141299999995,0.300205192
Loyola,173,-0.0812610585891455,0.0048450044,-0.28815691025,0.3076129385000001
Loyola,174,-0.0912614672703959,0.010544538,-0.27244606,0.32786621000000005
Loyola,175,0.0500790097256738,0.012224799,-0.29569286975,0.28893941125
Loyola,176,-0.1042175587623503,0.024459714,-0.26755521975,0.30031690525000027
Loyola,177,0.1449534880567418,0.011792133,-0.276383729,0.3052800845
Loyola,178,0.0317591661025797,0.014826239500000001,-0.30715482,0.31657103350000004
Loyola,179,-0.0328763598284318,0.00644025495,-0.2797451985,0.30484202499999996
Loyola,180,0.0042387124254856,0.0215778125,-0.28882871325000004,0.30475980675
Loyola,181,-0.0462444313414529,0.013010949,-0.2779955135,0.30491689325000015
Loyola,182,0.0200243281540641,0.0227457165,-0.2767329335,0.28903407500000006
Loyola,183,0.0105706826526716,0.014558538499999999,-0.25902130100000004,0.3052306475000001
Loyola,184,0.0503798805744803,0.0143060525,-0.26271344599999996,0.30897656575000004
Loyola,185,0.0736086960936228,0.016314109,-0.27563988425,0.3265326195
Loyola,186,-0.053440392421173,4.17819285e-05,-0.29050955425,0.25311298275
Loyola,187,-0.0620480345564375,-0.000444098795,-0.3047464725,0.30563841450000007
Loyola,188,0.2185140174596611,0.00570561885,-0.29658710075,0.2729196407500001
Loyola,189,0.2413486798100255,0.0005928776949999999,-0.28539274825,0.2937762525000002
Loyola,190,-0.0179979147541011,0.019611921,-0.2636811405,0.3193474587500002
Loyola,191,-0.0035736884888653,0.0151493075,-0.28431056175,0.3186449732500001
Loyola,192,0.0452485910159197,0.015723185,-0.28483657225,0.2975909575
Loyola,193,-0.0179952545625052,0.0043703484,-0.2837714755,0.30131248275000005
Loyola,194,-0.0628484743117692,0.014048528,-0.29088836625,0.31024815650000004
Loyola,195,-0.0381540559734094,-0.0038519215,-0.28910245775,0.2842688567500002
Loyola,196,0.0774670056904831,-0.00981076165,-0.30198003125,0.280414998
Loyola,197,-0.0149914784270119,-0.018590620500000002,-0.2981013575,0.2713035700000001
Loyola,198,-0.0404898500983712,-0.007886754150000001,-0.31635266375,0.28866625575
Loyola,199,-0.025222115232161,-0.0473310205,-0.33983876175,0.23788672225000002
Loyola,200,-0.014992312605619,-0.034521212,-0.30699913349999997,0.24798494300000015
Loyola,201,0.0123721042275128,-0.043796115499999996,-0.32922858374999997,0.23760656025000004
Loyola,202,-0.5268253335179933,-0.0505265355,-0.32937408700000004,0.23983537575000002
Loyola,203,0.3562371533150523,-0.0796544845,-0.362258659,0.20954463850000013
Loyola,204,-0.0887185398804737,-0.0666317005,-0.35745858025,0.21678840900000002
Loyola,205,-0.292634088812278,-0.06307716899999999,-0.37066835449999996,0.22795138600000006
Loyola,206,-0.4758554679894748,-0.0645786475,-0.352591619,0.22561620075000008
Loyola,207,0.3005949484545622,-0.0815098595,-0.35063188875,0.20575722800000001
LaSalle,0,0.0386271393530703,0.038627139,0.038627139,0.038627139
LaSalle,1,-0.0297345989428787,0.058235021,-0.25649801024999996,0.38152840050000003
LaSalle,2,0.092195768566615,0.0537975545,-0.26373127,0.3748805865
LaSalle,3,0.0314275458332113,0.0452319865,-0.2744588515,0.38534387000000003
LaSalle,4,-0.0244792640847801,0.017822750499999998,-0.30060364175,0.33199411400000006
LaSalle,5,0.0308600017915079,0.0417499355,-0.301046679,0.33745231200000003
LaSalle,6,0.1328244290037021,0.032417931,-0.287390017,0.3250766195
LaSalle,7,0.0077053856352478,0.024986536,-0.28466526574999995,0.3524228285
LaSalle,8,0.045025612384733,0.006083835750000001,-0.30540371024999996,0.3273106962500002
LaSalle,9,0.0223489203114271,-0.00408998825,-0.31689174024999994,0.31935471625000006
LaSalle,10,0.0255043577469793,0.001822944,-0.2838955455,0.33331615000000003
LaSalle,11,0.0470031872846608,0.0072583006500000005,-0.30916388749999996,0.30854385425
LaSalle,12,-0.0579753046733602,0.018658629500000003,-0.28778487525,0.327646256
LaSalle,13,0.1005682874622815,0.028034489000000003,-0.30529582375,0.32963092200000044
LaSalle,14,-0.0020486562862984,0.013440785,-0.31314240475,0.35794866900000005
LaSalle,15,0.0421643384950334,0.0144961015,-0.323827443,0.36273581750000006
LaSalle,16,0.0637855958336759,0.00113546805,-0.3132529585,0.33864938675000006
LaSalle,17,0.0039120979591267,0.022000853,-0.28989794599999996,0.31991817149999996
LaSalle,18,0.0407301207547448,0.00425898035,-0.344457689,0.33367011925
LaSalle,19,-0.0444116711624174,0.012822033,-0.319332419,0.33191994950000003
LaSalle,20,0.0605975013336879,0.018328858500000003,-0.32623900424999996,0.3288907597500001
LaSalle,21,0.1415809215154766,0.00733274825,-0.30983079950000003,0.34540576025
LaSalle,22,0.0451065878377461,0.0091800847,-0.30387640475,0.351219669
LaSalle,23,-0.0342430234222126,0.0183970575,-0.31027824724999997,0.3225354272500001
LaSalle,24,0.0116678793833271,0.010077537,-0.30996256974999997,0.3402513530000001
LaSalle,25,0.040416830515376,0.0230867945,-0.295395888,0.349393503
LaSalle,26,0.0597192347016219,0.017775556999999997,-0.28143570949999996,0.32460131600000003
LaSalle,27,0.0701139042863401,0.0257983985,-0.29230974725000003,0.3491926975
LaSalle,28,0.5328821792793077,0.0211801025,-0.31262425,0.3487633912500001
LaSalle,29,-0.2814124594381857,-0.00651830745,-0.3572675105,0.30872371975
LaSalle,30,-0.2527129212444423,0.0038195380499999997,-0.32018536124999997,0.3226626447500001
LaSalle,31,0.0510755751511959,0.009224236050000001,-0.31567700325,0.331758215
LaSalle,32,0.1451181141222948,-0.0083392158,-0.32527144150000004,0.31334150375
LaSalle,33,0.130074946758711,-0.0006740545500000001,-0.3227290365,0.3062452052500001
LaSalle,34,0.0605190084668096,0.0204357275,-0.30252830350000004,0.35195828525000006
LaSalle,35,0.0721143149460292,0.0121643265,-0.3001977645,0.32532331925000013
LaSalle,36,0.0352404086752855,0.00501023515,-0.30341693475,0.31982144850000005
LaSalle,37,-0.0860373019605607,0.0066101622,-0.3003572245,0.34399376950000027
LaSalle,38,0.0609651467145271,-0.0243374055,-0.32993384475,0.288070951
LaSalle,39,0.1016571686711662,-0.00692026115,-0.31590124925,0.34310795375
LaSalle,40,-0.1265759741563963,-0.0160810885,-0.323221995,0.30573267100000007
LaSalle,41,-0.0581033688194816,-0.00446866025,-0.30893277525,0.3101987352500002
LaSalle,42,0.0118730052480104,-0.0194160715,-0.34818139625,0.3367533205
LaSalle,43,-0.0502273777907458,-0.042247141,-0.3777068485,0.2685678500000004
LaSalle,44,0.0294361692579165,-0.0398093765,-0.352833529,0.27230493425000013
LaSalle,45,-0.3284211251438327,-0.0435683925,-0.37583367749999996,0.30637618875
LaSalle,46,0.272497763104214,-0.0351006075,-0.368736587,0.3122622440000001
LaSalle,47,-0.0654787773326113,-0.083383875,-0.404527745,0.24322020350000012
LaSalle,48,-0.0744692655881333,-0.0721799695,-0.38468626325,0.23932657875000007
LaSalle,49,-0.5980610851066253,-0.06886570850000001,-0.3978171245,0.2666556605000004
LaSalle,50,-0.1606196200257104,-0.0861203535,-0.39535570325,0.23178515125000007
LaSalle,51,0.1532797030906199,0.07597541899999999,-0.27491414675,0.3984336195
LaSalle,52,0.1301690447420851,0.062385768,-0.2641664275,0.3631198590000001
LaSalle,53,0.0698965592895799,0.064922445,-0.27033497949999996,0.360729784
LaSalle,54,0.3254332088500602,0.052968202000000006,-0.26488540574999997,0.35775473100000005
LaSalle,55,-0.0391139322871874,0.0611302445,-0.26622615475,0.38437400275
LaSalle,56,0.1774636825040456,0.028775884,-0.29337293975,0.35967610450000015
LaSalle,57,-0.0174024755846193,0.0241917275,-0.32950049575,0.33926715075
LaSalle,58,-0.0078745485337625,0.019178564000000002,-0.29916735575000003,0.3483988700000003
LaSalle,59,0.090748060285807,0.0344629145,-0.28425178175,0.35762858450000007
LaSalle,60,0.0644597305021559,0.0079488518,-0.3476767505,0.33337186650000017
LaSalle,61,0.0229431200083354,0.01111227,-0.3056076795,0.3331387825000001
LaSalle,62,-0.1522623032694587,0.000811709685,-0.3139918695,0.3138252455
LaSalle,63,0.0034179720775435,0.0151065145,-0.29293289475,0.3475062182500001
LaSalle,64,0.0824208746105892,0.0260195925,-0.30691520875,0.35223154475
LaSalle,65,-0.1219438513302488,0.024691939,-0.28263758899999997,0.34015331750000005
LaSalle,66,0.0593112672010498,0.019460148,-0.2970068955,0.33122232800000007
LaSalle,67,0.036713206577124,0.0216859835,-0.30350028425,0.35119092925
LaSalle,68,-0.0057750218251229,0.00610076675,-0.32750059825,0.34121483700000005
LaSalle,69,-0.0088424078174673,0.000664520845,-0.29835121225,0.3404393707500001
LaSalle,70,-0.1059190188837373,0.0220062155,-0.30427886675,0.32961790975000005
LaSalle,71,0.1090693627762169,0.0017491423,-0.308784411,0.3425407205
LaSalle,72,0.0216648252272442,0.00028017368,-0.3066931105,0.33764287125000003
LaSalle,73,0.0096432762718041,0.022176875,-0.33576823075,0.3429054050000001
LaSalle,74,-0.0720864110461994,0.021421014500000002,-0.31239532525,0.3499583950000002
LaSalle,75,-0.0720658705978483,0.022325661,-0.30312418875,0.334708669
LaSalle,76,0.0539436653301663,0.0015447762,-0.31537570575,0.32786808075
LaSalle,77,-0.0865509278751588,0.032469238,-0.30293722700000003,0.33444308675000006
LaSalle,78,0.1136125500064855,0.026930080000000002,-0.30411529675000004,0.3556405960000002
LaSalle,79,-0.0172250741108985,0.0251245395,-0.28951472199999995,0.33335754100000003
LaSalle,80,0.4396629846777129,0.0241830115,-0.2918885715,0.3359521845
LaSalle,81,-0.2656963112301111,0.018911267500000002,-0.30176208024999995,0.3462554065
LaSalle,82,-0.2093333278686415,0.00043841198,-0.3362754185,0.31192197050000003
LaSalle,83,0.0329165735678209,0.0001283901415,-0.3001561355,0.3395462112500001
LaSalle,84,0.2221372804442847,-0.0150731585,-0.31299382049999996,0.3070746760000001
LaSalle,85,0.0241630308876228,0.0038694339,-0.3254266525,0.3190446442500001
LaSalle,86,0.0445351306409111,0.0221556035,-0.327276031,0.33095989075000004
LaSalle,87,0.1027436145018541,0.00314307795,-0.289782636,0.33178900250000015
LaSalle,88,-0.0247981208454559,0.018402806,-0.32481667125,0.3299752617500001
LaSalle,89,0.0027953090921872,0.00644735435,-0.30832960075,0.33285223675000014
LaSalle,90,0.0075001404965862,-0.017974149000000002,-0.31793724949999996,0.3259849117500002
LaSalle,91,0.1554331846026855,-0.0129156375,-0.34616023875,0.306044442
LaSalle,92,-0.2010380988032647,-0.0074945472999999995,-0.35020825674999995,0.28951394625000004
LaSalle,93,0.0175083955040555,-0.0049251725,-0.2881051255,0.31447069425
LaSalle,94,-0.0147880217496982,-0.0164915335,-0.33670641125,0.31228779175000004
LaSalle,95,-0.058463476170381,-0.0479693385,-0.35856269350000003,0.28635310350000004
LaSalle,96,0.0246858142088397,-0.0493277555,-0.36569801825,0.26252889450000017
LaSalle,97,-0.4915539758072791,-0.041788388999999995,-0.37628588125,0.27688211575
LaSalle,98,0.3838944694823238,-0.031517679,-0.34473420299999996,0.3051973140000001
LaSalle,99,-0.0342984641199191,-0.0806503385,-0.39353030425,0.24895047150000002
LaSalle,100,-0.0193033787697158,-0.0660419495,-0.39509857849999996,0.24324427725
LaSalle,101,-0.4373340641868175,-0.067619136,-0.38925923325,0.24277383675000005
LaSalle,102,-0.3637924117075961,-0.075497655,-0.40490558174999997,0.23614937925
LaSalle,103,0.2823880649055637,0.0865297325,-0.25692647025,0.37658708475000013
LaSalle,104,0.4589388827076393,0.046567366,-0.266440418,0.3781141835000001
LaSalle,105,-0.1258719724347941,0.0592144295,-0.27138623275,0.38966353975
LaSalle,106,0.2048704026533636,0.06586847300000001,-0.28035450725,0.381574151
LaSalle,107,-0.0428004069453962,0.05066155,-0.25277577349999997,0.37844806675000003
LaSalle,108,0.02848889255214,0.024698651000000002,-0.334375863,0.3274380347500001
LaSalle,109,0.0394856489079114,0.0331468325,-0.27003641575,0.36211211050000014
LaSalle,110,-0.0517491990309251,0.028518344,-0.28823770374999996,0.32732782800000004
LaSalle,111,0.0175489746894781,0.0238961525,-0.301547968,0.3483982247500001
LaSalle,112,0.0568655108766051,0.00683511105,-0.3282708925,0.30811636675
LaSalle,113,-0.0124275000906388,0.0065796348,-0.3226715005,0.32376489925000007
LaSalle,114,-0.1308265885124058,0.00519763475,-0.31836733175000004,0.36464863200000003
LaSalle,115,0.0481331339224055,0.0049330599,-0.31710758925,0.34826551325000005
LaSalle,116,-0.0322824115041333,0.00942478135,-0.3105331815,0.33627728050000005
LaSalle,117,0.1331636363579136,0.015490582999999999,-0.288790954,0.3445819067500002
LaSalle,118,0.0422707366244736,0.004084868449999999,-0.2917727725,0.33268098925
LaSalle,119,-0.0341831099388212,0.016973304,-0.30441537125,0.34046713075
LaSalle,120,-0.0075926016767811,0.027111602,-0.30990243900000003,0.339344509
LaSalle,121,-0.0533636075251777,0.0230920755,-0.31957138900000004,0.332832561
LaSalle,122,-0.0725190525252967,0.0152054975,-0.3145996955,0.3148985250000001
LaSalle,123,0.0780373131836063,0.0060182372,-0.3088696125,0.32737482575000004
LaSalle,124,-0.0303596627679088,0.0068263167,-0.30236861575,0.3181690100000002
LaSalle,125,0.0290089430446522,0.0136463175,-0.31097131299999997,0.32661140499999997
LaSalle,126,-0.0609820884864742,0.0185299665,-0.3228489485,0.31781354100000014
LaSalle,127,-0.0417479397068882,0.012670861,-0.313714111,0.33529549825
LaSalle,128,0.0567742712414931,0.0178615105,-0.29364781225,0.3326447585000001
LaSalle,129,-0.2255686536621519,0.0123090135,-0.29662945975,0.33170846325000003
LaSalle,130,0.1903373595126156,0.02301524,-0.29206070125,0.34166694075000004
LaSalle,131,0.0203154659577693,0.021188482,-0.294912495,0.3490931922500001
LaSalle,132,-0.0309719549678124,0.01961946,-0.30312604475,0.34602005175
LaSalle,133,0.4359949764197939,0.027023344,-0.29432390675,0.34328291375000003
LaSalle,134,-0.271961352389968,-0.006733204350000001,-0.32001799375,0.3279253705000001
LaSalle,135,-0.2443328040698702,-0.00570582985,-0.3029821065,0.32142570625
LaSalle,136,0.0410146399125501,0.0021568193,-0.314703666,0.321817047
LaSalle,137,0.0520812721398105,0.0006439059299999999,-0.31656165675000003,0.32610684400000023
LaSalle,138,0.0748792671640794,0.022192629,-0.3044487435,0.34166367900000005
LaSalle,139,0.1291104842404893,0.008643932350000001,-0.280641135,0.327655101
LaSalle,140,-0.0631569592641039,0.016697472499999998,-0.31426297275,0.34206680725000005
LaSalle,141,0.0039994200508024,0.016096566,-0.314035387,0.33132283675
LaSalle,142,0.0615404566638533,-0.0123105995,-0.36798385275,0.31054602400000003
LaSalle,143,0.2264336292226199,-0.006080811849999999,-0.332829795,0.3028529812500002
LaSalle,144,-0.1763539966930167,-0.009837616,-0.3111866625,0.31885040550000016
LaSalle,145,0.0221303215009323,-0.00805539355,-0.3374454705,0.3226790767500001
LaSalle,146,-0.117240260144583,-0.0273224055,-0.34241687174999996,0.30857569625
LaSalle,147,0.0077264656806352,-0.043347154,-0.37628796225,0.29434859575000005
LaSalle,148,0.0531065487256627,-0.0505576585,-0.37914179775,0.27418017775000003
LaSalle,149,-0.4399323146065281,-0.048801054499999996,-0.341627887,0.27496430574999997
LaSalle,150,0.342430150450105,-0.0427192,-0.356114676,0.29611696224999995
LaSalle,151,-0.0221974664112769,-0.0746802375,-0.39346735,0.2351524375000002
LaSalle,152,-0.0694935626689208,-0.0778212475,-0.40821025699999997,0.24952497375000002
LaSalle,153,-0.1976148238221444,-0.0753850425,-0.39054841274999996,0.23859247300000003
LaSalle,154,-0.4692079787595231,-0.08070880550000001,-0.41334898249999996,0.2698708805
LaSalle,155,0.2343215649918377,-0.081290611,-0.38544213,0.23664021275000008
LaSalle,156,0.3311850337252933,0.081665978,-0.25450112625,0.3969446965000001
LaSalle,157,-0.2378597389149499,0.0524714445,-0.28299036425,0.3755289220000001
LaSalle,158,0.4262871151885896,0.053661093,-0.2491440955,0.369990635
LaSalle,159,-0.0188371220864436,0.053073472999999996,-0.2806783955,0.35827852525000004
LaSalle,160,-0.0049951681417086,0.020950978500000002,-0.28523684675,0.35252275175
LaSalle,161,0.0231335130597134,0.026960529,-0.31495583699999996,0.3513663092500001
LaSalle,162,-0.0301071850504506,0.019171945000000003,-0.30422424575,0.33431687075
LaSalle,163,0.0596252667714649,0.0177844825,-0.26040147425000004,0.35384405475
LaSalle,164,0.0100328836942322,0.0014719901500000001,-0.31553569800000003,0.3165259125
LaSalle,165,0.1047940277237522,0.011173401999999999,-0.29986147925,0.33572613050000005
LaSalle,166,-0.102588743738778,0.017796393,-0.309984654,0.3418538932500001
LaSalle,167,-0.132861183398421,0.0036996599499999998,-0.32318600325,0.34102800625000007
LaSalle,168,0.1099006203700119,0.0097479547,-0.31510746925,0.3517129975
LaSalle,169,0.0561179755636445,0.015065991,-0.31150268275,0.3614158870000001
LaSalle,170,0.0487328061250611,0.017827599,-0.3104902345,0.36249525550000017
LaSalle,171,-0.0458646910997835,0.015010843999999999,-0.32109114325,0.3328151465000001
LaSalle,172,-0.0160182229168013,0.0269683565,-0.30573397725,0.340268262
LaSalle,173,0.0131501078915237,0.00785196565,-0.3167222865,0.3297589915000004
LaSalle,174,-0.0931537000451898,0.0121609595,-0.30704401975,0.33763430525000004
LaSalle,175,0.0914845601917919,0.0124610625,-0.30060940375,0.30406851850000005
LaSalle,176,-0.1096491521945806,0.017108925,-0.30124000525,0.32236173150000025
LaSalle,177,0.046637693428523,0.0039786074000000005,-0.31031957,0.3210616302500001
LaSalle,178,-0.0158409290037626,0.0105300315,-0.33108998349999996,0.35028289025
LaSalle,179,-0.0977131449513297,0.0085539909,-0.29462886875,0.3183725127500001
LaSalle,180,0.0831468343990504,0.0141218075,-0.294423396,0.31889625200000005
LaSalle,181,-0.1627467212970561,0.00898828045,-0.32452930225,0.33723825800000024
LaSalle,182,0.1606046283680022,0.011510007499999999,-0.31356105874999995,0.35140547925000004
LaSalle,183,-0.0225123096719483,0.015749698,-0.31443683725,0.32982617500000005
LaSalle,184,0.0699741131494482,0.018192996,-0.27713626750000003,0.362451454
LaSalle,185,0.4118393996431617,0.0265210315,-0.295889889,0.33870033400000005
LaSalle,186,-0.2525685088170633,0.00320222985,-0.3317587505,0.31743933274999997
LaSalle,187,-0.220096380025085,0.000657964705,-0.33715626925,0.3200510937500001
LaSalle,188,-0.0542224646145284,0.008829415699999999,-0.30907726625,0.34698264750000013
LaSalle,189,0.2693238292590907,0.00419548775,-0.30804383,0.315893918
LaSalle,190,0.0168001634154357,0.0211159985,-0.31366800749999996,0.34545006850000004
LaSalle,191,0.1073609754467188,0.0024660891,-0.3100457565,0.33073384975000003
LaSalle,192,-0.0408496375383222,0.021546182,-0.3047214725,0.34665692775000007
LaSalle,193,-0.1064446561559266,0.015989673500000003,-0.2988359935,0.33072784800000005
LaSalle,194,0.0286263022278987,0.016370233499999998,-0.30353624275,0.31751373800000005
LaSalle,195,0.0292815554933882,-0.010049034500000002,-0.33685103275,0.27636571400000015
LaSalle,196,0.0783423330574084,-0.00900968265,-0.33071857425,0.3452124955
LaSalle,197,-0.0927941555797469,-0.011953848,-0.3346865,0.3064556725
LaSalle,198,-0.0594701527183962,-0.00949570745,-0.31534222674999995,0.3383086322500001
LaSalle,199,-0.0428237942739766,-0.056858293000000004,-0.374050049,0.2571326835000001
LaSalle,200,0.059094114023785,-0.0348307655,-0.34304036174999997,0.30338674750000005
LaSalle,201,0.0297801280169949,-0.0504696565,-0.35691542449999997,0.2810400382500001
LaSalle,202,-0.5441128765445207,-0.028984652,-0.35875053975,0.2981033042500001
LaSalle,203,0.4402707544422739,-0.08965745850000001,-0.4125193535,0.22167978224999998
LaSalle,204,-0.0992997367090833,-0.0687217195,-0.4142836785,0.24952014075000004
LaSalle,205,-0.1586970675184744,-0.078657818,-0.38415038025,0.24646910175000009
LaSalle,206,-0.7075324681837598,-0.074906059,-0.40359362849999997,0.26056409975000006
LaSalle,207,0.2327088625349906,-0.07766288099999999,-0.40774249825,0.2513491105
